STATE,CITY,NAME,IG,SAT,SUN,OTA,CREATED
Connecticut,Bridgeport,CT Submission Grappling,connecticutsubmissiongrappling,,12:00PM,y,
Massachusetts,Worcester,Worcester Martial Arts Academy,worcester_martial_arts_academy,,,,
Connecticut,Madison,Black Wolf Shoreline,blackwolfmartialarts_shoreline,,,,
New Hampshire,Concord,Averill's Martial Arts Academy,averills_martial_arts_academy,,,,
Massachusetts,Webster,Team Link BJJ and MMA,teamlinkbjjandmmawebster,,,,
Rhode Island,Providence,Tim Burrill BJJ,timburrillbrazilianjiujitsu,,,,
Connecticut,Manchester,FlowState Fighting & Fitness,flowstatefightingandfitness,9:00AM,,y,
New Hampshire,Brentwood,Dark Arts Jiu Jitsu Brentwood,darkartsjiujitsu_brentwood,11:00AM,,,
Massachusetts,Framingham,Alliance Jiu Jitsu Framingham,alliancejiujitsuframingham,,,,
Connecticut,East Hartford,Silverback Training Facility,silverbacktrainingfacility,,,,
Massachusetts,Clinton,Alchemy Brazilian Jiu-Jitsu,alchemy_brazilian_jiujitsu,,10:00AM,,
Massachusetts,Hyannis,Hyannis Mixed Martial Arts,hyannis_mixed_martial_arts,,,,
Maine,Ellsworth,Acadia Brazilian Jiu-Jitsu,acadia_brazilian_jiu_jitsu,8:30AM,,,
Connecticut,Bridgeport,Marcelo Garcia JJ,bridgeport_marcelogarciajj,,11:00AM,,
Massachusetts,Westwood,The Lab Jiu-Jitsu,the_lab_jiu_jitsu_westwood,11:00AM,11:00AM,,
New Hampshire,Swanzey,Monadnock BJJ,monadnockbrazilianjiujitsu,11:00AM,,,
Massachusetts,Norwood,Connor’s Martial Arts Academy,connorsmartialartsacademy,,,,
Vermont,Williston,Rodrigo Medeiros BJJ,bjjrevolutionteamofficial,,,,
Massachusetts,Watertown,Theodorou Academy of Jiu Jitsu,theodorouacademyjiujitsu,,,,
Vermont,South Burlington,High Hat Brazilian Jiu-Jitsu,highhatbrazilianjiujitsu,,11:00AM,,
Vermont,Burlington,Green Mountain Martial Arts,greenmountainmartialarts,,,,
Connecticut,Greenwich,Greenwich Jiu Jitsu Academy,greenwichjiujitsuacademy,,,,
Massachusetts,Melrose,Nirvana Brazilian Jiu Jitsu,nirvanabrazilianjiujitsu,,,,
Massachusetts,Arlington,Boston Submission Fighting,bostonsubmissionfighting,11:00AM,10:00AM,y,
Connecticut,New London,Whaling City Athletic Club,whalingcity.athleticclub,7:00AM,,,
Massachusetts,Fall River,Regiment Training Center,regiment_training_center,,10:00AM,,
Vermont,Essex Junction,Gracie Jiu Jitsu Vermont,gracie_jiu_jitsu_vermont,11:00AM,,,
Massachusetts,Danvers,20000 Leagues Jiu Jitsu,20000_leagues_jiu_jitsu_,8:00AM,,,
New Hampshire,Manchester,Gracie Jiu-Jitsu,graciejiujitsumanchester,,,,
Rhode Island,Cranston,Balleto Advanced Training,balletoadvancedtraining,,,,
Massachusetts,Medford,Sigma Martial Arts and Fitness,sigmamartialartsfitness,,,,
Massachusetts,Springfield,Springfield Submission Society,springfieldmabjjsociety,,,,
Massachusetts,Bedford,Bernardo Faria BJJ Academy,bernardofariabjjacademy,1:00PM,11:30AM,,
Massachusetts,New Bedford,South Coast Self Defense,southcoastselfdefensema,,,,
Connecticut,Wallingford,Performance Combat MMA,performance_combat_mike,,,,
Massachusetts,Fairhaven,Danny Savery BJJ,dannysaverybjjfairhaven,,,,
New Hampshire,Londonderry,Off Your Back Jiu Jitsu,offyourbackbjj.academy,,,,
Rhode Island,Pawtucket,Tri Force Training Center,triforcetrainingcenter,,,,
Massachusetts,Beverly,Invictus Training Center,invictustrainingcenter,11:00AM,10:00AM,,
Massachusetts,Westborough,Integrated Martial Arts,integrated_martialarts,1:00PM,,,
Maine,Sanford,Clandestine Submissions,clandestinesubmissions,,,,
Massachusetts,Manchester,Checkmate Martial Arts,checkmate_martial_arts,,,,
Massachusetts,Tewksbury,Daniel Gracie Academy,danielgracienorthshore,,,,
Massachusetts,Somerset,Danny Savery BJJ,dannysaverybjjsomerset,,,,
Maine,Biddeford,Team Moreira,team_moreira_biddeford,,,,
New Hampshire,Derry,Primal Jiu Jitsu,primaljiujitsuacademy,10:00AM,,,
Massachusetts,Boston,Travis Stevens Academy,travisstevensjiujitsu,,,,
Massachusetts,Westminster,Mantis Boxing,randybrownmantisboxer,,,,
New Hampshire,Seabrook,Flow With The Go Jiu-Jitsu,flowwiththegojiujitsu,10:00AM,10:00AM,,
Connecticut,West Hartford,Plus One Defense Systems,plusonedefensesystems,12:30PM,,,
Massachusetts,"Swampscott, MA",New England Warrior Arts,newenglandwarriorarts,,,,
Maine,Farmingdale,Team Lawton Martial Arts,teamlawtonmartialarts,,,,
Connecticut,Middlebury,Campanella Martial Arts,campanellamartialarts,,,,
Connecticut,Bethel,Teixeira MMA & Fitness,teixeirammaandfitness,,,,
Massachusetts,North Reading,Imperium Martial Arts,imperium_martial_arts,10:30AM,10:00AM,,
Massachusetts,Marlborough,Gorilla Martial Arts,gorilla_martial_arts_,11:00AM,,,
Rhode Island,Bristol,Danny Savery BJJ,dannysaverybjjbristol,,,,
Massachusetts,Newton,Gracie Barra,gracie_barra_jiujitsu,12:30PM,,,
Massachusetts,Falmouth,Daniel Gracie Academy,danielgraciefalmouth,,,,
Massachusetts,Plymouth,Daniel Gracie Academy,danielgracieplymouth,,,,
New Hampshire,Concord,Leverage Jiu-Jitsu Academy,leverage_jiujitsu_nh,,10:00AM,y,
Connecticut,Orange,Black Wolf Martial Arts,blackwolfmartialarts,,10:00AM,,
Massachusetts,Jamaica Plain,JP Martial Arts Academy,jpmartialartsacademy,,,,
Massachusetts,Dedham,Gracie Jiu Jitsu Dedham,graciejiujitsudedham,,,,
Massachusetts,Quincy,Gracie Jiu Jitsu Quincy,graciejiujitsuquincy,,,,
Massachusetts,Waltham,Atlas Jiu Jitsu Waltham,atlasjiujitsuwaltham,,,,
Massachusetts,Watertown,Kimura BJJ USA Official,kimurabjjusaofficial,,,,
Massachusetts,Whitman,Giannetti Martial Arts,giannettimartialarts,,9:00AM,y,
Connecticut,Cromwell,TRITAC Training Center,tritactrainingcenter,,,,
Massachusetts,W. Springfield,Battleground JiuJitsu,battlegroundjiujitsu,12:00PM,,,
New Hampshire,Conway,Nomad Grappling Club,nomad_grappling_club,,,,
Rhode Island,Newport,Newport Martial Arts,newportmartialartsri,,,,
Connecticut,Bristol,Ascension Athletics,ascensionathleticsct,,,,
Massachusetts,New Bedford,Fight Sports Boston,fightsportsbostonbjj,12:00PM,,,
Connecticut,Vernon,Gonzalez Grappling,gonzalezgrapplingllc,,,,
Connecticut,Brooklyn,Team Squared BJJ,squared_bjj_brooklyn,,,,
Connecticut,Colchester,360 Defense,360defensecolchester,,,,
Massachusetts,Leominster,Squared BJJ,squaredbjjleominster,,,,
Massachusetts,Newton,Day 1 BJJ,day1_jiujitsu_newton,12:00PM,11:00AM,,
Massachusetts,W. Springfield,Gabriel Gladiator,gabrielgladiator.tc,,,,
Massachusetts,West Bridgewater,Luiz Paulo Brazilian Jiu Jitsu,luizpaulojiujitsuwb,,,,
Massachusetts,Westborough,Alliance Jiu Jitsu,alliancewestborough,12:00PM,,,
Massachusetts,Hanover,Daniel Gracie Academy,danielgraciehanover,10:30AM,,,
Massachusetts,Hyannis,Daniel Gracie Academy,danielgraciehyannis,,,,
Massachusetts,Orleans,Daniel Gracie Academy,danielgracieorleans,,,,
Vermont,Brattleboro,Gracie Jiu-Jitsu Brattleboro,brattleborojiujitsu,,,,
Vermont,Middlebury,Middlebury AJJ Academy,middlebury_jiujitsu,,,,
New Hampshire,Laconia,Lakes Region Vale Tudo,lakesregionvaletudo,,10:30AM,,
Vermont,Londonderry,Team Jucão Vermont BJJ,teamjucaovermontbjj,,,,
Massachusetts,North Adams,Steeple City JiuJitsu,steeplecityjiujitsu,11:00AM,,,
Massachusetts,Northborough,Daniel Gracie Academy,danielgracieacademy,11:00AM,10:00AM,,
Massachusetts,Springfield,Fighting Arts Academy,fightingartsacademy,10:45AM,,,
Massachusetts,Hudson,Hudson Combat Academy,hudsoncombatacademy,11:00AM,,,
Massachusetts,Worcester,Soneca BJJ Worcester,sonecabjj_worcester,,,,
Massachusetts,Salem,Forged Krav Maga,forged_bjj_kravmaga,,,,
Massachusetts,Marlborough,Phoenix BJJ,phoenix_jj_official,12:00PM,12:00PM,,
Maine,South Portland,Choi Institute of Martial Arts,choi_institute_mma,,,,
Massachusetts,Boston,Citadel Martial Arts & Fitness,citadelmartialarts,,,,
Massachusetts,Natick,Alpha Nerds Training Facility,alphanerdsfacility,,,,
Rhode Island,Pawtucket,Team Santos Fighting Academy,teamsantos_bjj_mma,,,,
Massachusetts,Brookline,Florian Martial Arts Center,florianmartialarts,12:00PM,,,
New Hampshire,Nashua,Bazzani Brazilian Jiu-Jitsu,bazzanimartialarts,,,,
Massachusetts,North Andover,Brabos Brazilian Jiu Jitsu,brabosbrazillianjj,,,,
Connecticut,Hamden,Soulcraft / Macarra BJJ,macarra_bjj_hamden,11:00AM,11:00AM,,
Massachusetts,Marlborough,Soneca BJJ Marlborough,sonecabjj_marlboro,,,,
Connecticut,Oakville,Viana Bros Fight Club,vianabrosfightclub,,,,
Connecticut,Stamford,Ground Work Jiu-Jitsu,groundworkjiujitsu,,,,
Massachusetts,Waltham,Snake Pit New England,snakepitnewengland,,,,
Maine,Westbrook,De La Riva Alexey BJJ,delariva_alexeybjj,,,,
Massachusetts,Andover,Gracie Barra Andover,gbandover_,,12:00PM,,
Massachusetts,Boston,Combat Sports Boston,combatsportsboston,,12:00PM,,
Massachusetts,Lowell,The Paradigm Academy,theparadigmacademy,,9:00AM,,
Massachusetts,Lowell,The Paradigm Academy,theparadigmacademy,,6:30PM,,
Rhode Island,East Providence,Playground Jiu Jitsu,playgroundjiujitsu,11:00AM,,y,
Massachusetts,Westborough,Jamaica’s Ground BJJ,jamaicas_groundbjj,,,,
New Hampshire,Brentwood,Conquer Self Defense,conquerselfdefense,,10:00AM,,
Massachusetts,Waltham,Virtue Martial Arts,virtue_martialarts,2:00PM,,,
Massachusetts,Agawam,Ironhold Jiu Jitsu,ironhold_jiujitsu_,9:30AM,,,
New Hampshire,Hudson,Precision JiuJitsu,precision_jiujitsu,,10:00AM,y,
Rhode Island,South Kingstown,Pride Martial Arts,pridemartialartsri,,,,
Vermont,Winooski,Combat Fitness MMA,combatfitnessmmavt,12:00PM,,y,
Connecticut,Berlin,Gracie Jiujitsu,gracie_jiujitsu_ct,,,,
Massachusetts,Woburn,617 BJJ Woburn,gc.jiujitsuacademy,12:00PM,,,
Connecticut,Milford,Renzo Gracie,renzograciemilford,,,,
Massachusetts,Hyannis,Sardinha BJJ,sardinhabjjcapecod,,,,
Massachusetts,Stoughton,Boston BJJ,bostonbjjstoughton,,,,
Connecticut,Fairfield,Radius Martial Arts 10P,radiusmartialarts,,,,
Massachusetts,Norwood,Luiz Paulo Brazilian Jiu Jitsu,luizpaulojiujitsu,,,,
Connecticut,New Britain,Modern Self Defense Center,modernselfdefense,,,,
Connecticut,Tolland,IDP Jiujitsu and Fitness,submission_piracy,,,,
Massachusetts,Boston,Back 2 Basics Jiu Jitsu,b2basics_jiujitsu,,11:00AM,,
Massachusetts,Gloucester,DF Fitness MA Center,dffitnessmacenter,10:00AM,,,
New Hampshire,Salem,New England Top Team,newenglandtopteam,,,,
Rhode Island,Johnston,Rising Sun Jiu-Jitsu,risingsunjiujitsu,,,,
Rhode Island,Providence,Burke's Martial Arts,burkesmartialarts,,,,
Rhode Island,Wakefield,GT Fighting Academy,gtfightingacademy,9:00AM,9:00AM,,
Massachusetts,Ashland,SoulFight Jiu Jitsu,soulfightjiujitsu,,11:00AM,,
Massachusetts,Westfield,Team Link Westfield,teamlinkwestfield,,,,
New Hampshire,Rochester,Forged Self Defense,forgedselfdefense,,,,
Maine,Oakland,Bear Clan JiuJitsu,bearclan_jiujitsu,11:00AM,,,
Connecticut,New Britain,Heavy Hitters Club,heavyhitters.club,,,,
Massachusetts,Southbridge,Mom's Basement MMA,moms_basement_mma,10:00AM,11:00AM,y,
Maine,South Portland,Southern Maine BJJ,southernmaine_bjj,,,,
New Hampshire,Rochester,Sanders Jiu Jitsu,sandersbjjacademy,,10:00AM,,
Vermont,Hardwick,Kingdom Jiu-Jitsu,kingdom.jiu.jitsu,9:45AM,4:00PM,,
Connecticut,North Franklin,Rogers Academy,rogersmartialarts,,,,
Maine,Farmington,Foundry BJJ,foundryfarmington,,,,
Massachusetts,Tewksbury,Fenix BJJ,fenixbjjtewksbury,,10:00AM,,
Connecticut,Monroe,Cruvinel Brothers,cruvinelbrothers,,,,
Connecticut,Tolland,Secret Pages BJJ,secret_pages_bjj,9:00AM,,y,
Massachusetts,Hanover,Thurston Academy,thurston_academy,,10:00AM,,
Massachusetts,Natick,Versus Jiu-Jitsu Academy,versusjiujitsuma,12:00PM,,,
Massachusetts,Nantucket,Werdum Training Center,werdum.nantucket,12:30PM,,,
New Hampshire,Littleton,Fenix Highlanders Club,fenixhighlanders,,9:00AM,,
Massachusetts,Hudson,Upper Level JiuJitsu,upperlevelhudson,,4:00PM,,
New Hampshire,Nashua,Karasu Tengu Academy,ktacademy_nashua,,,,
Massachusetts,Millis,Mohawk Martial Arts,mohawmartialarts,9:00AM,,,
Connecticut,Manchester,Team Legacy 860 MMA,teamlegacy860mma,,,,
Massachusetts,Devens,Mass BJJ The Valley,massbjjthevalley,,9:00AM,,
Massachusetts,Wakefield,Team Fight Academy,teamfightacademy,12:00PM,,,
Connecticut,Shelton,Endure BJJ Academy,endurebjjacademy,,,,
Massachusetts,Plainville,Darkside Jiu-Jitsu,darksidejiujitsu,,,,
Massachusetts,South Boston,Broadway Jiu-Jitsu,broadwayjiujitsu,,,,
New Hampshire,Milford,Balance Point BJJ,balancepoint.bjj,,,,
Massachusetts,Sandwich,Forge Jiu-Jitsu,_forge_jiujitsu_,,,,
Massachusetts,Vineyard Haven,Blitz Fitness,blitzfitnessofmv,,,,
Massachusetts,Holden,Squared BJJ,squaredbjjholden,,,,
Massachusetts,Medford,Mau Mau BJJ,maumaubjjacademy,,,,
Massachusetts,Danvers,BTT North Shore,btt_north_shore,,,,
Massachusetts,Lynn,Seaside Jiu-Jitsu/BTT Lynn,seasidejiujitsu,,,,
Maine,South Portland,Gracie Barra South Portland,gbsouthportland,,8:00AM,,
Massachusetts,Marlborough,Exodus Brazilian Jiu Jitsu,exodus.jiujitsu,8:30AM,8:30AM,,
Rhode Island,West Warwick,Rilion Gracie Rhode Island,riliongracie.ri,9:00AM,,,
Massachusetts,Rockland,South Shore Sportfighting,sssportfighting,,,,
Maine,Lewiston,Central Maine BJJ,centralmainebjj,,,,
Rhode Island,Lincoln,Fierce Academy RI MMA BJJ,fierceacademyri,,,,
Connecticut,New Haven,Carlson Gracie Jiu-Jitsu,carlsongraciect,,,,
Maine,Portland,The Academy Portland,theacademymaine,1:00PM,,,
New Hampshire,Londonderry,Brazilian Top Team,btt_londonderry,12:00PM,,,
Connecticut,Monroe,Redzone Jiut Jitsu,redzonejiujitsu,,,,
Connecticut,Woodbury,Soulcraft JiuJitsu,scissorhandsbjj,,,,
Massachusetts,Millbury,5 Stones Jiu Jitsu,5stonesjiujitsu,,,,
Massachusetts,North Andover,North Andover BJJ,northandoverbjj,,,,
Connecticut,Norwalk,Gracie Sports HQ,graciesportsbjj,11:30AM,,,
New Hampshire,North Hampton,Granite State BJJ,granitestatebjj,11:00AM,9:00AM,,
Massachusetts,Easthampton,New City Jiujitsu,newcityjiujitsu,,,,
Rhode Island,Newport,Mission First BJJ,missionfirstbjj,,,n,
Vermont,Killington,Warriors Path MMA,warriorspathmma,,,,
Connecticut,Stamford,Summit JiuJitsu,summit.jiujitsu,11:00AM,,,
Massachusetts,Framingham,Dragon Lair MMA,dragon_lair_mma,,,,
Maine,Brewer,Titan Athletics,titan.athletics,,,,
Massachusetts,Randolph,Energy Fitness,energyfitnessma,,,,
Massachusetts,Woburn,Boston BJJ,bostonbjjwoburn,11:30AM,,,
Massachusetts,Canton,Lauzon MMA,lauzonmmacanton,,,,
Connecticut,Bridgeport,Iron Lion,iron_lion_team_,,9:00AM,,
Massachusetts,Marblehead,First Colony BJJ,firstcolonybjj,9:00AM,,,
Massachusetts,Woburn,Fenix BJJ,fenixbjjwoburn,11:00AM,,,
New Hampshire,Exeter,Kevin Watson BJJ,kevinwatsonbjj,10:30AM,6:00PM,,
Connecticut,Wallingford,Jitsu Academy CT,jitsuacademyct,,,,
Maine,Freeport,Empire BJJ,empirebjjmaine,11:00AM,,,
Massachusetts,Dorchester,Level Ground MMA,levelgroundmma,,,,
Maine,Rangeley,Kingsguard BJJ,kingsguard_bjj,,,,
Connecticut,North Haven,Ultimate MMA,ultimatemmabjj,,,,
Connecticut,Danbury,Kore Integrated Combatives,korecombatives,,,,
New Hampshire,Londonderry,Valle Brazilian Jiu Jitsu,valle_jiujitsu,10:00AM,,,
Rhode Island,Westerly,Brausa Carlson Gracie BJJ,projeto_brausa,,,,
Massachusetts,Mendon,Blue Collar Jiu Jitsu,bluecollar_bjj,,,,
Connecticut,Seymour,Black Hole Jiu Jitsu,blackholejj.ct,11:00AM,6:30PM,,
Connecticut,Danbury,American Top Team,attconnecticut,12:00PM,,,
Rhode Island,Pawtucket,Tri-Force MMA/BJJ,triforcemmabjj,,,,
Rhode Island,Providence,Death Kitty Dojo,deathkittydojo,11:30AM,,,
Massachusetts,South Boston,South Boston BJJ,southbostonbjj,,9:00AM,,
Maine,Blue Hills,Three Points BJJ,threepointsbjj,10:00AM,,,
Maine,Windham,Gracie Gym Maine,graciegymmaine,12:00PM,,,
Vermont,Barre,Granite City MMA,granitecitymma,11:00AM,,,
Connecticut,Fairfield,Hammer Jiu Jitsu,hammerjiujitsu,,,,
Connecticut,Higganum,Kairos Jiu Jitsu,kairosjiujitsu,,,,
Massachusetts,Billerica,Snake Pit Boston,snakepitboston,,,,
Massachusetts,Ludlow,Team Link Ludlow,teamlinkludlow,,,,
Massachusetts,Pittsfield,Dosier Jiu Jitsu,dosierjiujitsu,,,,
Rhode Island,West Warwick,Fight Factory RI,fightfactoryri,,,,
Vermont,White River Junction,Upper Valley BJJ,uppervalleybjj,,,,
New Hampshire,East Hampstead,Limitless Pride,limitlesspride,,10:30AM,y,
Massachusetts,Fitchburg,Newaza BJJ Club,newazajiujitsu,,,,
Massachusetts,Springfield,Vaca BJJ & MMA,vacabjjmma_gym,9:30AM,,,
Massachusetts,Waltham,Watch City MMA,watch_city_mma,,,,
Maine,Bar Harbor,Bar Harbor BJJ,bar_harbor_bjj,,,,
New Hampshire,Manchester,Burgess MMA,youtalkwetrain,,10:00AM,,
New Hampshire,Nashua,Triumph BJJ,teamtriumphbjj,,,,
Maine,Portland,Recon MMA,recon.portland,9:00AM,9:00AM,,
Massachusetts,West Boylston,Integrated Martial Arts,ima.worcester,,,,
Rhode Island,Providence,Tim Burrill BJJ,timburrillbjj,11:30AM,,,
Rhode Island,Jamestown,Ocean State BJJ,oceanstatebjj,,,,
Connecticut,Manchester,Manchester BJJ,manchesterbjj,,,,
Connecticut,Waterford,Crossroads BJJ,crossroadsbjj,,,,
Massachusetts,Peabody,Gentle Art Dojo,gadnorthshore,,10:00AM,,
Connecticut,Prospect,Technique Brazilian Jiu-Jitsu,technique_bjj,,,,
Massachusetts,Worcester,Worcester MMA,worcester_mma,,10:00AM,,
Massachusetts,Chelmsford,Gentle Art Dojo,gadchelmsford,,,,
Connecticut,West Hartford,Underdog MMA,underdogmmact,,,,
Massachusetts,Wakefield,Defensive Edge Martial Arts,defensiveedge,,,,
Maine,Augusta,Black Bear BJJ & Fitness,blackbear_bjj,,5:00PM,,
Maine,Rockland,Flow Brazilian Jiu Jitsu,flowbjj_maine,10:00AM,,,
Massachusetts,North Attleboro,Monkey King Martial Arts,monkeykingmmx,,,,
Massachusetts,Woburn,FUJI Martial Arts Woburn,fujima_woburn,,,,
Massachusetts,Salem,North Shore BJJ Academy,northshorebjj,,,,
New Hampshire,North Hampton,Heavy Mettle Jiu Jitsu,heavymettlejj,,,n,
Connecticut,South Windsor,CT Jiujitsu Kobukai ,kobukai_jj_sw,,,,
Massachusetts,Marlborough,Fight For Life BJJ,fight4lifebjj,,,,
Connecticut,Stamford,Cesar Pereira BJJ,bjjstamfordct,,,,
Massachusetts,Gloucester,Sakura Jiu Jitsu,sakura_bjj_ma,,,,
Massachusetts,Attleboro,Ronin Jiu-Jitsu,roninjiujitsu,10:00AM,10:00AM,,
Massachusetts,Fitchburg,ZTeam Jiu-Jitsu,zteamjiujitsu,10:00AM,10:00AM,,
Maine,Ellsworth,Rolls Jiu Jitsu,rollsjiujitsu,10:00AM,,,
Rhode Island,Smithfield,Renzo Gracie RI,renzogracieri,10:30AM,,,
Connecticut,New Haven,Ronin New Haven,roninnewhaven,,,,
Connecticut,Windham,Frog Bridge MMA,frogbridgemma,,,,
Massachusetts,Haverhill,Binda Jiu Jitsu,bindajiujitsu,,,,
Massachusetts,Peabody,BTT New England,bttnewengland,,,,
Rhode Island,East Providence,EP Martial Arts,epmartialarts,,,,
Maine,Portland,Stonecoast BJJ,stonecoastbjj,10:45AM,,,
Rhode Island,Providence,Providence BJJ,providencebjj,11:30AM,6:00PM,y,
Connecticut,Danbury,TMC BJJ School,tmcdanburybjj,,,,
Massachusetts,Norwell,Kaizen Norwell,kaizennorwell,,,,
Massachusetts,Peabody,BST Jiu Jitsu,bst_jiu_jitsu,,,,
New Hampshire,Newington,Port City BJJ,port_city_bjj,,,,
New Hampshire,Windham,Renzo Gracie,renzogracienh,11:00AM,9:00AM,,
Rhode Island,Coventry,Coventry BJJ,coventryribjj,,11:00AM,,
Massachusetts,Leominster,Cesario Team,bjjleominster,,,,
Massachusetts,Dorchester,Empower BJJ,empowerbjjusa,11:00AM,,,
Connecticut,Stratford,Cruvinel Brothers,cruvinelbros,,,,
New Hampshire,Littleton,Resiliency Martial Arts,adam_laclair,,,,
Connecticut,West Haven,Dandelion Jiujitsu & Wrestling,dandelionbjj,,9:00AM,,
Connecticut,Newtown,Rapadura BJJ,rapadura_bjj,,,,
Massachusetts,Tyngsboro,Team Flo Brazilian Jiu Jitsu,team_flo_bjj,,,,
New Hampshire,Derry,Start Brazilian Jiu Jitsu NH,start_bjj_nh,,,,
New Hampshire,Plaistow,Spero's Brazilian Jiu-Jitsu,btt_plaistow,,,,
Massachusetts,Littleton,Gentle Art Dojo,gadlittleton,,,,
Maine,Houlton,Aroostook Grappling Club,aroostookbjj,10:00AM,,,
Connecticut,Suffield,Full Circle Martial Arts,fullcirclect,,,,
Massachusetts,Scituate,Gracie Barra South Shore,gbsouthshore,,,,
New Hampshire,Concord,New England BJJ Academy,nebjjacademy,12:00PM,,,
Massachusetts,Woburn,Team Forsa / BJJ Boston,teamforsabjj,,,,
New Hampshire,Exeter,Hero Jiu Jitsu Academy,herojiujitsu,10:00AM,11:00AM,,
Rhode Island,Warwick,Cortes BJJ & Fitness,cortesbjj_ri,,,,
Massachusetts,Lakeville,Lakeville MMA Club,lakevillemma,,,,
Connecticut,Groton,The Roughhouse,roughhousejj,,,,
Connecticut,Southington,Solid Base BJJ,solidbasebjj,,,,
Massachusetts,Boston,UFC GYM Boston,ufcgymboston,,,,
Massachusetts,North Dartmouth,SBG East Coast,sbgeastcoast,,,,
Massachusetts,Tewksbury,2002 Jiu Jitsu,2002jiujitsu,,,,
Maine,Gray,Carll Clan BJJ,carllclanbjj,,,,
Massachusetts,Waltham,WatchCity MMA,watchcitymma,,,,
Massachusetts,Norwood,Elements MMA,elements_mma,11:00AM,,,
Massachusetts,Northampton,Team Link,teamlinknoho,,,,
Rhode Island,Providence,Brown University GAMMA,brownugamma,,,,
Massachusetts,Natick,Bay State Brazilian Jiu-Jitsu,baystatebjj,,,,
Maine,Portland,Blue Wave Brazilian Jiu-Jitsu,bluewavebjj,,,,
Massachusetts,Hanover,Torrent Brazilian Jiu-Jitsu,torrent_bjj,,,,
Massachusetts,Westford,Brazilian Top Team Westford,bttwestford,,,,
Connecticut,Farmington,Gracie Farmington Valley,gfvjiujitsu,,,,
Connecticut,Litchfield,Gracie Litchfield Hills,glhjiujitsu,,,,
Massachusetts,Braintree,Gracie Barra Braintree,gbbraintree,1:00PM,,,
Massachusetts,Cambridge,Ginsberg Academy BJJ,ginsbergbjj,9:00AM,,,
Massachusetts,Stoughton,Maxx Training Center,maxx_center,,,,
Massachusetts,Boston,Gracie Barra Boston,gbbostonbjj,1:00PM,,,
Massachusetts,Methuen,BJJ Boston 24/7/365,bjj__boston,,,,
Maine,Saco,Evolution Athletix,evoathletix,,,,
New Hampshire,Nashua,Gate City MMA,gatecitymma,2:00PM,,,
New Hampshire,Moultonborough,Hook Fight Co,hookfightco,,,,
Massachusetts,Hyannis,Cristyan BJJ,cristyanbjj,1:00PM,,,
Massachusetts,Quincy,Trifecta MMA,trifectamma,,,,
Rhode Island,Exeter,Elevate Dojo,elevatedojo,,,,
Vermont,Rutland,Rutland AJJ,rutland_ajj,10:30AM,,,
Massachusetts,Southbridge,Combate Real School,crjjschool,,,,
Massachusetts,Somerville,Brazilian Martial Arts Center,bmacboston,,,,
Massachusetts,Boston,Brazilian Top Team Back Bay,bttbackbay,,10:00AM,,
New Hampshire,Bedford,Aqueous Brazilian Jiu-Jitsu,aqueousbjj,8:00AM,8:00AM,,
Connecticut,Fairfield,FIT CLUB BJJ & Self-Defense,fitclubbjj,,,,
Massachusetts,Boston,BU Brazilian Jiu-Jitsu Club,bostonubjj,,,,
Massachusetts,Hyannis,Brazilian Top Team Cape Cod,bttcapecod,,,,
Massachusetts,Taunton,Morselli Jiu Jitsu Academy,morsellijj,10:00AM,,y,
Massachusetts,Charlton,Gracie BJJ and Fitness,hondojjusa,,,,
Connecticut,Trumbull,Essencia Jiu Jitsu,essenciajj,,,,
Massachusetts,North Billerica,ICON Jiu Jitsu USA,iconbjjusa,,,,
Massachusetts,Hanover,PQ Jiu Jitsu,pqjiujitsu,,6:00PM,y,
Vermont,Williston,Vermont BJJ,vermontbjj,12:00PM,,,
Massachusetts,East Bridgewater,IN Jiujitsu,injiujitsu,,10:00AM,,
Massachusetts,Littleton,Unit 232 HQ,unit232.hq,,10:00AM,y,
Connecticut,Willington,Agoge Jiu Jitsu,agogejjmt,,12:30PM,,
Massachusetts,Weymouth,Dedeco Brazilian Jiu-Jitsu,dedecobjj,,,n,
Massachusetts,Boston,Brazilian Top Team Boston,bttboston,12:00PM,,,
Massachusetts,Rowley,Brazilian Top Team Rowley,bttrowley,,11:00AM,,
Connecticut,Oakville,CT Combat Training Center,ct_combat,,,,
Massachusetts,Ashland,Selva Brazilian Jiu Jitsu,selva_bjj,,,,
Massachusetts,Revere,Brazilian Top Team Revere,bttrevere,,,,
Connecticut,Hebron,Hebron BJJ,hebronbjj,,,,
Massachusetts,Peabody,Gracie Barra,gbpeabody,12:00PM,,,
Maine,Bangor,Young's MMA,youngsmma,,,,
Massachusetts,Raynham,Lauzon MMA,lauzonmma,,,,
New Hampshire,Somersworth,Nostos MMA,nostosmma,,,,
Massachusetts,West Roxbury,Viver MMA,viver.mma,,,,
Vermont,Burlington,Grind BJJ,grind.bjj,,,,
Massachusetts,Middleboro,REAL BJJ,realbjjma,10:00AM,,,
Vermont,St. Albans,The Club,theclubvt,9:45AM,,,
Connecticut,Wesport,The Dojo,thedojoct,,,,
New Hampshire,Derry,Professional Martial Arts,pmaderry,,,,
Connecticut,Mansfield,Uconn Brazilian Jiu-Jitsu,uconnbjj,,,,
Massachusetts,Lynn,Brazilian Top Team Lynn,btt.lynn,,,,
New Hampshire,Lebanon,UNITA Jiu Jitsu,unitabjj,,,,
Massachusetts,Newton,ATOM Jiu-Jitsu,atom_bjj,11:00AM,,y,
Connecticut,Glastonbury,F.I.T.E. Fit,fitefit1,,,,
Massachusetts,Brockton,Orion BJJ,orionbjj,,7:00PM,y,
Massachusetts,Acton,Mass BJJ,mass_bjj,,12:00PM,,
Massachusetts,Brighton,Submit Your Friend Academy,syfabjj,11:00AM,,,
Massachusetts,Bridgewater,Brazilian Jiu-Jitsu at BSU,bjj_bsu,,,,
Connecticut,Glastonbury,Royce Gracie Academy,rgjjnct,,,,
Massachusetts,Arlington,Mass BJJ Arlington,massbjj,,,,
Rhode Island,North Providence,Folgo Jiu Jitsu,folgojj,,,,
Massachusetts,Boston,All 1 MMA,all1mma,,,,
Connecticut,Windsor,MMA Barn,mmabarn,,,,
Massachusetts,Amherst,NESF MMA,nesfmma,,,,
Vermont,Bennington,Toad BJJ,toadbjj,,,,
Massachusetts,Lowell,River Hawk Brazilian Jiu Jitsu,umlbjj,,,,
Maine,Brunswick,First Class Fitness & MMA,fcfmma,,,,
Connecticut,Milford,Fighting Arts Academy CT,faa_ct,,,,
Massachusetts,Somerville,617 Brazilian Jiu Jitsu,617bjj,12:00PM,,,
Connecticut,Plainville,Plainville Martial Arts,pmabjj,,,,
Massachusetts,Milford,Terrinha BJJ,tdtbjj,,,,
New Hampshire,Hooksett,Team Link NH,tjsosd,,,,
Connecticut,Waterbury,IMB of CT Boxing/MMA,imbct,,,,
Connecticut,Waterbury,PSDTC Warriors,psdtc,,,,
Massachusetts,Bellingham,USMMA,usmma,,,,
Maine,Sanford,Silvestre BJJ,silvestre.bjj,,,,
Massachusetts,Hudson,Grip BJJ,gripbjj.hudson,11:00AM,,,
Connecticut,Fairfield,Gracie Sports,graciesportsfairfield,11:30AM,,,
Massachusetts,Framingham,Holanda BJJ,holanda.bjjacademy,,,,
Connecticut,N. Stonington,York’s Martial Arts,yorkmartialarts,,,,
New Hampshire,Manchester,Full Circle Martial Arts,fullcirclemafc,,,,
Massachusetts,Orange,Roberts Family MMA,robertsfamilymma,,,,
Massachusetts,Attleboro,Morselli Jiu Jitsu Academy,mjjattleboro,,,,
Massachusetts,New Bedford,Hook and Roll Combat,hookandrollfg,,,,
Massachusetts,Tewksbury,Gorilla Crew Fitness,gorillacrewfitness,,,,
Maine,Standish,Ebb and Flow Jiujitsu,ebb_and_flow_jiujiutsu,10:00AM,,,
Massachusetts,Chelmsford,Resolve Martial Arts,resolve_bjj_ma,,,,
Rhode Island,Warwick,Braman Jiu Jitsu,bramanjiujitsu,,,,
Massachusetts,Middleborough,Michael DeLuca Brazillian Jiu Jitsu,mikedelucabjj,,,,
